run_id,class_id,class_label,precision,recall,f1,support,split_seed
iotid_fine_lgbm_full,0,DoS-Synflooding,0.9998315553060079,0.9994387382836617,0.9996351082044517,17817,42
iotid_fine_lgbm_full,1,MITM ARP Spoofing,0.6813521751177611,0.46339395081503815,0.5516235769166059,10613,42
iotid_fine_lgbm_full,2,Mirai-Ackflooding,0.2425531914893617,0.2516175848098204,0.24700225572836282,16537,42
iotid_fine_lgbm_full,3,Mirai-HTTP Flooding,0.25450625785975206,0.2537919503164935,0.254148602182688,16746,42
iotid_fine_lgbm_full,4,Mirai-Hostbruteforceg,0.659906804241358,0.7635198327556803,0.7079422566823097,36354,42
iotid_fine_lgbm_full,5,Mirai-UDP Flooding,0.8080174955577686,0.7514800421312606,0.7787239247640644,55066,42
iotid_fine_lgbm_full,6,Normal,0.9988853639715339,0.9690567293295624,0.9837449862782351,12022,42
iotid_fine_lgbm_full,7,Scan Hostport,0.7849798837729102,0.2637428657254431,0.3948285553681844,6658,42
iotid_fine_lgbm_full,8,Scan Port OS,0.4984315896300397,0.6786207762843863,0.5747340425531915,15922,42
iotid_fine_lgbm_weighted,0,DoS-Synflooding,0.9996631673496884,0.9994387382836617,0.9995509402189167,17817,42
iotid_fine_lgbm_weighted,1,MITM ARP Spoofing,0.47874080130825836,0.6620182794685763,0.5556566095931037,10613,42
iotid_fine_lgbm_weighted,2,Mirai-Ackflooding,0.2711858901484393,0.5048678720445062,0.3528442228044967,16537,42
iotid_fine_lgbm_weighted,3,Mirai-HTTP Flooding,0.25452416436022995,0.2855607309208169,0.2691506725952609,16746,42
iotid_fine_lgbm_weighted,4,Mirai-Hostbruteforceg,0.9192474528397054,0.5013203498927216,0.6488074047703809,36354,42
iotid_fine_lgbm_weighted,5,Mirai-UDP Flooding,0.999793270970076,0.702611411760433,0.8252634273281857,55066,42
iotid_fine_lgbm_weighted,6,Normal,0.997775876817793,0.9702212610214607,0.9838056680161943,12022,42
iotid_fine_lgbm_weighted,7,Scan Hostport,0.2808323464726781,0.4986482427155302,0.3593073593073593,6658,42
iotid_fine_lgbm_weighted,8,Scan Port OS,0.4792468796276708,0.7114056023112675,0.5726925702151326,15922,42
iotid_fine_lgbm_mi_top10_flat,0,DoS-Synflooding,0.9998315269276128,0.9992703597687602,0.9995508645856725,17817,42
iotid_fine_lgbm_mi_top10_flat,1,MITM ARP Spoofing,0.6763776281434657,0.4637708470743428,0.5502515371716042,10613,42
iotid_fine_lgbm_mi_top10_flat,2,Mirai-Ackflooding,0.2654012275517163,0.2823970490415432,0.2736354847215305,16537,42
iotid_fine_lgbm_mi_top10_flat,3,Mirai-HTTP Flooding,0.27688894079177856,0.2831721008001911,0.2799952763344355,16746,42
iotid_fine_lgbm_mi_top10_flat,4,Mirai-Hostbruteforceg,0.6580488501642623,0.7603564944710348,0.7055130168453293,36354,42
iotid_fine_lgbm_mi_top10_flat,5,Mirai-UDP Flooding,0.8236206999462804,0.7517524425235173,0.7860472623353936,55066,42
iotid_fine_lgbm_mi_top10_flat,6,Normal,0.9988000342847347,0.9693062718349692,0.9838321583857487,12022,42
iotid_fine_lgbm_mi_top10_flat,7,Scan Hostport,0.7851351351351351,0.26179032742565334,0.3926560036044154,6658,42
iotid_fine_lgbm_mi_top10_flat,8,Scan Port OS,0.4990585533869116,0.6825147594523301,0.5765445526169192,15922,42
iotid_fine_lgbm_mi_top10_weighted,0,DoS-Synflooding,0.9997192588433464,0.999326485940394,0.9995228338058214,17817,42
iotid_fine_lgbm_mi_top10_weighted,1,MITM ARP Spoofing,0.47410358565737054,0.6615471591444455,0.5523562268900952,10613,42
iotid_fine_lgbm_mi_top10_weighted,2,Mirai-Ackflooding,0.2824017726180445,0.5471971941706476,0.3725401399752985,16537,42
iotid_fine_lgbm_mi_top10_weighted,3,Mirai-HTTP Flooding,0.2701378603167369,0.2831721008001911,0.27650145772594753,16746,42
iotid_fine_lgbm_mi_top10_weighted,4,Mirai-Hostbruteforceg,0.9220607661822986,0.4992022886064807,0.6477264615604255,36354,42
iotid_fine_lgbm_mi_top10_weighted,5,Mirai-UDP Flooding,0.9998191074243481,0.702611411760433,0.8252722289175901,55066,42
iotid_fine_lgbm_mi_top10_weighted,6,Normal,0.9980314960629921,0.9699717185160539,0.9838015692229816,12022,42
iotid_fine_lgbm_mi_top10_weighted,7,Scan Hostport,0.2825767401642888,0.49083808951637126,0.35866761784557977,6658,42
iotid_fine_lgbm_mi_top10_weighted,8,Scan Port OS,0.4762881419781508,0.7146715236779299,0.5716223344133826,15922,42
iotid_fine_xgb_weighted,0,DoS-Synflooding,0.9996631862579993,0.9994948644552955,0.999579018270607,17817,42
iotid_fine_xgb_weighted,1,MITM ARP Spoofing,0.4534548020786553,0.6659756901912749,0.5395419847328244,10613,42
iotid_fine_xgb_weighted,2,Mirai-Ackflooding,0.2832227245038633,0.5341960452319042,0.37018102581294,16537,42
iotid_fine_xgb_weighted,3,Mirai-HTTP Flooding,0.2674482606781154,0.2901588439030216,0.2783410666208398,16746,42
iotid_fine_xgb_weighted,4,Mirai-Hostbruteforceg,0.9253289647518892,0.4816526379490565,0.6335365522730974,36354,42
iotid_fine_xgb_weighted,5,Mirai-UDP Flooding,0.9997157696183561,0.702611411760433,0.8252370236863715,55066,42
iotid_fine_xgb_weighted,6,Normal,0.9976851851851852,0.9679753784727999,0.9826057586760112,12022,42
iotid_fine_xgb_weighted,7,Scan Hostport,0.2845702082221036,0.4803244217482728,0.35739830129637906,6658,42
iotid_fine_xgb_weighted,8,Scan Port OS,0.4726164669311628,0.7257254113804799,0.5724406133115355,15922,42
iotid_fine_lgbm_xgb_validation_ensemble,0,DoS-Synflooding,0.9997754070746772,0.9993826121120278,0.9995789710051366,17817,42
iotid_fine_lgbm_xgb_validation_ensemble,1,MITM ARP Spoofing,0.4720863212921386,0.6637143126354471,0.5517349416464322,10613,42
iotid_fine_lgbm_xgb_validation_ensemble,2,Mirai-Ackflooding,0.28059814023624025,0.540122150329564,0.3693274618040481,16537,42
iotid_fine_lgbm_xgb_validation_ensemble,3,Mirai-HTTP Flooding,0.26480541455160744,0.2803654604084557,0.2723633832231117,16746,42
iotid_fine_lgbm_xgb_validation_ensemble,4,Mirai-Hostbruteforceg,0.9253975558623511,0.49782692413489577,0.6473860242170593,36354,42
iotid_fine_lgbm_xgb_validation_ensemble,5,Mirai-UDP Flooding,0.9998191074243481,0.702611411760433,0.8252722289175901,55066,42
iotid_fine_lgbm_xgb_validation_ensemble,6,Normal,0.9986297850475293,0.9699717185160539,0.984092155787164,12022,42
iotid_fine_lgbm_xgb_validation_ensemble,7,Scan Hostport,0.2840779924805456,0.4879843796936017,0.3591047250621719,6658,42
iotid_fine_lgbm_xgb_validation_ensemble,8,Scan Port OS,0.47557530946249066,0.7190679562868987,0.5725072507250725,15922,42
iotid_fine_lgbm_full,0,DoS-Synflooding,0.9998314890748751,0.9990458550822249,0.9994385176866929,17817,43
iotid_fine_lgbm_full,1,MITM ARP Spoofing,0.6765824504210812,0.469330066899086,0.5542141863699582,10613,43
iotid_fine_lgbm_full,2,Mirai-Ackflooding,0.23129533678756475,0.2024551006833162,0.21591641945053527,16537,43
iotid_fine_lgbm_full,3,Mirai-HTTP Flooding,0.2631080725742835,0.29875791233727456,0.27980201895920137,16746,43
iotid_fine_lgbm_full,4,Mirai-Hostbruteforceg,0.6556630221474629,0.7719920779006437,0.7090881528083074,36354,43
iotid_fine_lgbm_full,5,Mirai-UDP Flooding,0.8049568548543126,0.7555478879889587,0.7794701738609112,55066,43
iotid_fine_lgbm_full,6,Normal,0.9988851727982163,0.9688903676592913,0.9836591648017565,12022,43
iotid_fine_lgbm_full,7,Scan Hostport,0.7990282685512368,0.27170321417843196,0.4055144586415602,6658,43
iotid_fine_lgbm_full,8,Scan Port OS,0.5070408903943866,0.6580831553824896,0.5727717495285211,15922,43
iotid_fine_lgbm_weighted,0,DoS-Synflooding,0.9998314890748751,0.9990458550822249,0.9994385176866929,17817,43
iotid_fine_lgbm_weighted,1,MITM ARP Spoofing,0.47512967149886953,0.6732309431828889,0.5570932907099139,10613,43
iotid_fine_lgbm_weighted,2,Mirai-Ackflooding,0.2720860156142994,0.4804982765918849,0.34743446798277255,16537,43
iotid_fine_lgbm_weighted,3,Mirai-HTTP Flooding,0.2494768092665596,0.306102949958199,0.27490413750569814,16746,43
iotid_fine_lgbm_weighted,4,Mirai-Hostbruteforceg,0.9212598425196851,0.5052813995708862,0.6526211074201055,36354,43
iotid_fine_lgbm_weighted,5,Mirai-UDP Flooding,0.9998966701971016,0.7029201322049904,0.8255115859965664,55066,43
iotid_fine_lgbm_weighted,6,Normal,0.9969217614365113,0.9698053568457827,0.9831766243622718,12022,43
iotid_fine_lgbm_weighted,7,Scan Hostport,0.2849841381741276,0.485731450886152,0.35921359546817727,6658,43
iotid_fine_lgbm_weighted,8,Scan Port OS,0.482771855010661,0.7110287652304986,0.5750787361576755,15922,43
iotid_fine_lgbm_mi_top10_flat,0,DoS-Synflooding,0.9998314890748751,0.9990458550822249,0.9994385176866929,17817,43
iotid_fine_lgbm_mi_top10_flat,1,MITM ARP Spoofing,0.6788211103495545,0.46659756901912747,0.5530489166852803,10613,43
iotid_fine_lgbm_mi_top10_flat,2,Mirai-Ackflooding,0.2538344617935609,0.22216847070206205,0.23694817967817872,16537,43
iotid_fine_lgbm_mi_top10_flat,3,Mirai-HTTP Flooding,0.2745507060333761,0.30652096022930847,0.2896563399356695,16746,43
iotid_fine_lgbm_mi_top10_flat,4,Mirai-Hostbruteforceg,0.653490603571345,0.7680860428013424,0.7061694675214648,36354,43
iotid_fine_lgbm_mi_top10_flat,5,Mirai-UDP Flooding,0.8087765240497554,0.7627755783968329,0.7851028037383178,55066,43
iotid_fine_lgbm_mi_top10_flat,6,Normal,0.998885077186964,0.9688071868241557,0.9836162486276497,12022,43
iotid_fine_lgbm_mi_top10_flat,7,Scan Hostport,0.7938325991189428,0.2706518474016221,0.403673835125448,6658,43
iotid_fine_lgbm_mi_top10_flat,8,Scan Port OS,0.5057966848711315,0.6631076497927396,0.573866724643983,15922,43
iotid_fine_lgbm_mi_top10_weighted,0,DoS-Synflooding,0.999831498539654,0.9991019812538586,0.9994666067769012,17817,43
iotid_fine_lgbm_mi_top10_weighted,1,MITM ARP Spoofing,0.4744207847863935,0.6675774992933196,0.5546639527146044,10613,43
iotid_fine_lgbm_mi_top10_weighted,2,Mirai-Ackflooding,0.28527939385739415,0.5100078611598234,0.3658922799939264,16537,43
iotid_fine_lgbm_mi_top10_weighted,3,Mirai-HTTP Flooding,0.26223306287022746,0.31458258688642066,0.2860323062304873,16746,43
iotid_fine_lgbm_mi_top10_weighted,4,Mirai-Hostbruteforceg,0.9199959847420197,0.50420861528305,0.6514090763708732,36354,43
iotid_fine_lgbm_mi_top10_weighted,5,Mirai-UDP Flooding,0.9997933617460932,0.7029201322049904,0.8254763758117316,55066,43
iotid_fine_lgbm_mi_top10_weighted,6,Normal,0.9972621492128679,0.969555814340376,0.9832138338253902,12022,43
iotid_fine_lgbm_mi_top10_weighted,7,Scan Hostport,0.28430237734841063,0.47957344547912284,0.3569791491978311,6658,43
iotid_fine_lgbm_mi_top10_weighted,8,Scan Port OS,0.4807870175733625,0.718251475945233,0.576004835297673,15922,43
iotid_fine_xgb_weighted,0,DoS-Synflooding,0.9997192115460213,0.9991581074254925,0.9994385807320907,17817,43
iotid_fine_xgb_weighted,1,MITM ARP Spoofing,0.45616727412238633,0.6721944784698012,0.5435014475087613,10613,43
iotid_fine_xgb_weighted,2,Mirai-Ackflooding,0.2822489464487614,0.4981556509645038,0.3603359286151693,16537,43
iotid_fine_xgb_weighted,3,Mirai-HTTP Flooding,0.26532623694066626,0.32150961423623553,0.2907284410605324,16746,43
iotid_fine_xgb_weighted,4,Mirai-Hostbruteforceg,0.9230809399477807,0.4862463552841503,0.6369631017584318,36354,43
iotid_fine_xgb_weighted,5,Mirai-UDP Flooding,0.9996900826446281,0.7029382922311408,0.8254536924487663,55066,43
iotid_fine_xgb_weighted,6,Normal,0.9965741692360397,0.9678921976376643,0.9820237994767491,12022,43
iotid_fine_xgb_weighted,7,Scan Hostport,0.27966467893872615,0.48603184139381195,0.355038674639311,6658,43
iotid_fine_xgb_weighted,8,Scan Port OS,0.47942430253661417,0.7134154000753674,0.5734696453363625,15922,43
iotid_fine_lgbm_xgb_validation_ensemble,0,DoS-Synflooding,0.999831498539654,0.9991019812538586,0.9994666067769012,17817,43
iotid_fine_lgbm_xgb_validation_ensemble,1,MITM ARP Spoofing,0.4707013124751425,0.669085084330538,0.5526285069457956,10613,43
iotid_fine_lgbm_xgb_validation_ensemble,2,Mirai-Ackflooding,0.2840676143428437,0.5111567999032472,0.3651877133105802,16537,43
iotid_fine_lgbm_xgb_validation_ensemble,3,Mirai-HTTP Flooding,0.25734364730269477,0.30395318284963574,0.2787132101300479,16746,43
iotid_fine_lgbm_xgb_validation_ensemble,4,Mirai-Hostbruteforceg,0.9201207243460765,0.5031633382846454,0.6505672724686133,36354,43
iotid_fine_lgbm_xgb_validation_ensemble,5,Mirai-UDP Flooding,0.9997933617460932,0.7029201322049904,0.8254763758117316,55066,43
iotid_fine_lgbm_xgb_validation_ensemble,6,Normal,0.9980301473107228,0.9693062718349692,0.9834585197063044,12022,43
iotid_fine_lgbm_xgb_validation_ensemble,7,Scan Hostport,0.28400425607377194,0.48107539801742266,0.35715878679750224,6658,43
iotid_fine_lgbm_xgb_validation_ensemble,8,Scan Port OS,0.4808080808080808,0.7174978017836955,0.5757774305730557,15922,43
iotid_fine_lgbm_full,0,DoS-Synflooding,0.9998876846184085,0.999326485940394,0.9996070065124635,17817,44
iotid_fine_lgbm_full,1,MITM ARP Spoofing,0.696850944716585,0.4691416187694337,0.5607613469985359,10613,44
iotid_fine_lgbm_full,2,Mirai-Ackflooding,0.24052360568273465,0.23444397411864304,0.23744487996080352,16537,44
iotid_fine_lgbm_full,3,Mirai-HTTP Flooding,0.2616275598543197,0.2616744297145587,0.2616509926854754,16746,44
iotid_fine_lgbm_full,4,Mirai-Hostbruteforceg,0.6606889707967111,0.7691863343786103,0.7108213223518646,36354,44
iotid_fine_lgbm_full,5,Mirai-UDP Flooding,0.8008106654372215,0.7570370101332946,0.7783088441216557,55066,44
iotid_fine_lgbm_full,6,Normal,0.9986324786324786,0.9718848777241723,0.9850771435797994,12022,44
iotid_fine_lgbm_full,7,Scan Hostport,0.7947483588621445,0.2727545809552418,0.4061276976406128,6658,44
iotid_fine_lgbm_full,8,Scan Port OS,0.505754060324826,0.6845245572164301,0.5817143467122118,15922,44
iotid_fine_lgbm_weighted,0,DoS-Synflooding,0.9998876846184085,0.999326485940394,0.9996070065124635,17817,44
iotid_fine_lgbm_weighted,1,MITM ARP Spoofing,0.4888464424585579,0.6752096485442382,0.5671098448876226,10613,44
iotid_fine_lgbm_weighted,2,Mirai-Ackflooding,0.2714528598466622,0.5117010340448691,0.3547264724376441,16537,44
iotid_fine_lgbm_weighted,3,Mirai-HTTP Flooding,0.25930534516338455,0.286217604203989,0.2720976440533636,16746,44
iotid_fine_lgbm_weighted,4,Mirai-Hostbruteforceg,0.9202694002872283,0.51116795950927,0.6572585636726971,36354,44
iotid_fine_lgbm_weighted,5,Mirai-UDP Flooding,1.0,0.7031198924926452,0.8256845517359038,55066,44
iotid_fine_lgbm_weighted,6,Normal,0.9972689254928736,0.9719680585593079,0.9844559585492227,12022,44
iotid_fine_lgbm_weighted,7,Scan Hostport,0.29427248797313244,0.4869330129167918,0.36684582743988686,6658,44
iotid_fine_lgbm_weighted,8,Scan Port OS,0.48287228272207616,0.7268559226227861,0.580260222116373,15922,44
iotid_fine_lgbm_mi_top10_flat,0,DoS-Synflooding,0.9998315363881402,0.999326485940394,0.999578947368421,17817,44
iotid_fine_lgbm_mi_top10_flat,1,MITM ARP Spoofing,0.6916373858046381,0.4636766230095166,0.5551669675090253,10613,44
iotid_fine_lgbm_mi_top10_flat,2,Mirai-Ackflooding,0.25669099756691,0.25518534196045234,0.25593595536282865,16537,44
iotid_fine_lgbm_mi_top10_flat,3,Mirai-HTTP Flooding,0.2753417032593234,0.2658545324256539,0.2705149627829257,16746,44
iotid_fine_lgbm_mi_top10_flat,4,Mirai-Hostbruteforceg,0.6547951637516141,0.767205809539528,0.7065573978137785,36354,44
iotid_fine_lgbm_mi_top10_flat,5,Mirai-UDP Flooding,0.8059764471211017,0.7631206188936912,0.783963284952054,55066,44
iotid_fine_lgbm_mi_top10_flat,6,Normal,0.9981201401350082,0.9716353352187656,0.9846996838777661,12022,44
iotid_fine_lgbm_mi_top10_flat,7,Scan Hostport,0.8033080017881091,0.2699008711324722,0.40404721753794265,6658,44
iotid_fine_lgbm_mi_top10_flat,8,Scan Port OS,0.5035764050162563,0.680944604949127,0.5789810958026274,15922,44
iotid_fine_lgbm_mi_top10_weighted,0,DoS-Synflooding,0.9997753944634735,0.999326485940394,0.9995508897995846,17817,44
iotid_fine_lgbm_mi_top10_weighted,1,MITM ARP Spoofing,0.48462318350794187,0.6755865448035429,0.5643891687657431,10613,44
iotid_fine_lgbm_mi_top10_weighted,2,Mirai-Ackflooding,0.2816301703163017,0.5599564612686703,0.37476981605520365,16537,44
iotid_fine_lgbm_mi_top10_weighted,3,Mirai-HTTP Flooding,0.2680529075309819,0.2686611728173892,0.26835669549657026,16746,44
iotid_fine_lgbm_mi_top10_weighted,4,Mirai-Hostbruteforceg,0.9261926192619262,0.5094900148539363,0.6573679727427598,36354,44
iotid_fine_lgbm_mi_top10_weighted,5,Mirai-UDP Flooding,1.0,0.7031198924926452,0.8256845517359038,55066,44
iotid_fine_lgbm_mi_top10_weighted,6,Normal,0.9969291137080952,0.9721344202295791,0.9843756580332702,12022,44
iotid_fine_lgbm_mi_top10_weighted,7,Scan Hostport,0.2851142032029404,0.4893361369780715,0.36029858999170583,6658,44
iotid_fine_lgbm_mi_top10_weighted,8,Scan Port OS,0.48553027414092625,0.7196960180881798,0.5798648887989272,15922,44
iotid_fine_xgb_weighted,0,DoS-Synflooding,0.9999438391553409,0.999326485940394,0.9996350672318446,17817,44
iotid_fine_xgb_weighted,1,MITM ARP Spoofing,0.4646379988395332,0.6790728352021106,0.5517531771551064,10613,44
iotid_fine_xgb_weighted,2,Mirai-Ackflooding,0.28492629576795053,0.5435084960996553,0.3738613202445822,16537,44
iotid_fine_xgb_weighted,3,Mirai-HTTP Flooding,0.2712825696316262,0.2884868028185835,0.2796203044510042,16746,44
iotid_fine_xgb_weighted,4,Mirai-Hostbruteforceg,0.9261818181818182,0.4904274632777686,0.6412847996547011,36354,44
iotid_fine_xgb_weighted,5,Mirai-UDP Flooding,0.9999741728866964,0.7031198924926452,0.8256757477208508,55066,44
iotid_fine_xgb_weighted,6,Normal,0.9971773158840134,0.9697221760106471,0.9832581284527474,12022,44
iotid_fine_xgb_weighted,7,Scan Hostport,0.2867346049995645,0.49444277560829075,0.3629748056673466,6658,44
iotid_fine_xgb_weighted,8,Scan Port OS,0.48114863735161345,0.7229619394548423,0.5777744315615119,15922,44
iotid_fine_lgbm_xgb_validation_ensemble,0,DoS-Synflooding,0.9997753944634735,0.999326485940394,0.9995508897995846,17817,44
iotid_fine_lgbm_xgb_validation_ensemble,1,MITM ARP Spoofing,0.48462318350794187,0.6755865448035429,0.5643891687657431,10613,44
iotid_fine_lgbm_xgb_validation_ensemble,2,Mirai-Ackflooding,0.2816301703163017,0.5599564612686703,0.37476981605520365,16537,44
iotid_fine_lgbm_xgb_validation_ensemble,3,Mirai-HTTP Flooding,0.2680529075309819,0.2686611728173892,0.26835669549657026,16746,44
iotid_fine_lgbm_xgb_validation_ensemble,4,Mirai-Hostbruteforceg,0.9261926192619262,0.5094900148539363,0.6573679727427598,36354,44
iotid_fine_lgbm_xgb_validation_ensemble,5,Mirai-UDP Flooding,1.0,0.7031198924926452,0.8256845517359038,55066,44
iotid_fine_lgbm_xgb_validation_ensemble,6,Normal,0.9969291137080952,0.9721344202295791,0.9843756580332702,12022,44
iotid_fine_lgbm_xgb_validation_ensemble,7,Scan Hostport,0.2851142032029404,0.4893361369780715,0.36029858999170583,6658,44
iotid_fine_lgbm_xgb_validation_ensemble,8,Scan Port OS,0.48553027414092625,0.7196960180881798,0.5798648887989272,15922,44
iotid_fine_lgbm_full,0,DoS-Synflooding,0.999775369236817,0.9992142335971264,0.9994947226588816,17817,45
iotid_fine_lgbm_full,1,MITM ARP Spoofing,0.6824592633164452,0.4696127390935645,0.5563741906675598,10613,45
iotid_fine_lgbm_full,2,Mirai-Ackflooding,0.25205329439678775,0.2505291165265768,0.25128889428034207,16537,45
iotid_fine_lgbm_full,3,Mirai-HTTP Flooding,0.25455921822310923,0.2208885704048728,0.23653163666592064,16746,45
iotid_fine_lgbm_full,4,Mirai-Hostbruteforceg,0.6544588218806933,0.7707542498762172,0.7078617623282134,36354,45
iotid_fine_lgbm_full,5,Mirai-UDP Flooding,0.7844682152722419,0.7684415065557695,0.7763721595860816,55066,45
iotid_fine_lgbm_full,6,Normal,0.9990578158458244,0.9702212610214607,0.984428408659324,12022,45
iotid_fine_lgbm_full,7,Scan Hostport,0.7918313570487484,0.2708020426554521,0.40358142137660885,6658,45
iotid_fine_lgbm_full,8,Scan Port OS,0.5062529832935561,0.6661223464388896,0.5752874810154046,15922,45
iotid_fine_lgbm_weighted,0,DoS-Synflooding,0.9998876720022466,0.9992142335971264,0.9995508393689293,17817,45
iotid_fine_lgbm_weighted,1,MITM ARP Spoofing,0.4837520480611688,0.6676717233581456,0.5610229207078105,10613,45
iotid_fine_lgbm_weighted,2,Mirai-Ackflooding,0.2810126582278481,0.5705387918002056,0.3765565134099617,16537,45
iotid_fine_lgbm_weighted,3,Mirai-HTTP Flooding,0.24962054136099165,0.2356980771527529,0.24245961054118803,16746,45
iotid_fine_lgbm_weighted,4,Mirai-Hostbruteforceg,0.9176793414347315,0.5151565164768663,0.6598780874528734,36354,45
iotid_fine_lgbm_weighted,5,Mirai-UDP Flooding,0.9996904743480616,0.7038281335125123,0.8260670325571482,55066,45
iotid_fine_lgbm_weighted,6,Normal,0.9961620469083156,0.97155215438363,0.9837032046153198,12022,45
iotid_fine_lgbm_weighted,7,Scan Hostport,0.29424943988050783,0.47341544007209374,0.3629245826137018,6658,45
iotid_fine_lgbm_weighted,8,Scan Port OS,0.47852230138791646,0.7297450069086798,0.5780165659279158,15922,45
iotid_fine_lgbm_mi_top10_flat,0,DoS-Synflooding,0.999775369236817,0.9992142335971264,0.9994947226588816,17817,45
iotid_fine_lgbm_mi_top10_flat,1,MITM ARP Spoofing,0.6876581388810795,0.46094412512955807,0.5519264398939471,10613,45
iotid_fine_lgbm_mi_top10_flat,2,Mirai-Ackflooding,0.26700359252268163,0.2651629678901856,0.2660800970873786,16537,45
iotid_fine_lgbm_mi_top10_flat,3,Mirai-HTTP Flooding,0.27141444114737884,0.245790039412397,0.2579674720315879,16746,45
iotid_fine_lgbm_mi_top10_flat,4,Mirai-Hostbruteforceg,0.6547943916439258,0.7656378940419211,0.7058913037965053,36354,45
iotid_fine_lgbm_mi_top10_flat,5,Mirai-UDP Flooding,0.7961404036228343,0.7694221479678931,0.7825532858039969,55066,45
iotid_fine_lgbm_mi_top10_flat,6,Normal,0.9992293200890563,0.9706371651971386,0.9847257383966245,12022,45
iotid_fine_lgbm_mi_top10_flat,7,Scan Hostport,0.7928445229681979,0.26960048062481223,0.40237614884555034,6658,45
iotid_fine_lgbm_mi_top10_flat,8,Scan Port OS,0.5016699137211245,0.6792488380856676,0.5771077908217717,15922,45
iotid_fine_lgbm_mi_top10_weighted,0,DoS-Synflooding,0.9998315080033698,0.9991581074254925,0.9994946942900454,17817,45
iotid_fine_lgbm_mi_top10_weighted,1,MITM ARP Spoofing,0.4779436374589999,0.6727598228587581,0.5588603631809643,10613,45
iotid_fine_lgbm_mi_top10_weighted,2,Mirai-Ackflooding,0.29121119370354176,0.6040998972002177,0.3929821800873294,16537,45
iotid_fine_lgbm_mi_top10_weighted,3,Mirai-HTTP Flooding,0.2615789473684211,0.23742983399020662,0.2489200525887435,16746,45
iotid_fine_lgbm_mi_top10_weighted,4,Mirai-Hostbruteforceg,0.9261768543611362,0.5076470264620124,0.6558280028429282,36354,45
iotid_fine_lgbm_mi_top10_weighted,5,Mirai-UDP Flooding,0.9998968034880421,0.7038281335125123,0.8261374657614546,55066,45
iotid_fine_lgbm_mi_top10_weighted,6,Normal,0.9964166879959048,0.9714689735484944,0.9837846944362549,12022,45
iotid_fine_lgbm_mi_top10_weighted,7,Scan Hostport,0.2922322775263952,0.46560528687293484,0.35908722344492067,6658,45
iotid_fine_lgbm_mi_top10_weighted,8,Scan Port OS,0.478340825500613,0.7351463383996986,0.5795702119231531,15922,45
iotid_fine_xgb_weighted,0,DoS-Synflooding,0.9998315174660227,0.9992142335971264,0.9995227802262583,17817,45
iotid_fine_xgb_weighted,1,MITM ARP Spoofing,0.4549175086328175,0.6703099971732781,0.54199840006095,10613,45
iotid_fine_xgb_weighted,2,Mirai-Ackflooding,0.2892914730152708,0.553304710648848,0.3799360544782627,16537,45
iotid_fine_xgb_weighted,3,Mirai-HTTP Flooding,0.26774905244102504,0.2826346590230503,0.2749905586381199,16746,45
iotid_fine_xgb_weighted,4,Mirai-Hostbruteforceg,0.9303240012582573,0.48811685096550583,0.6402901060835678,36354,45
iotid_fine_xgb_weighted,5,Mirai-UDP Flooding,0.9996646891926747,0.7038281335125123,0.8260582292510337,55066,45
iotid_fine_xgb_weighted,6,Normal,0.9964975226379634,0.9703044418565963,0.9832265677680377,12022,45
iotid_fine_xgb_weighted,7,Scan Hostport,0.290599870598022,0.47221387804145387,0.3597871488241689,6658,45
iotid_fine_xgb_weighted,8,Scan Port OS,0.47465063373415667,0.7338274086170079,0.5764467906655484,15922,45
iotid_fine_lgbm_xgb_validation_ensemble,0,DoS-Synflooding,0.9998315080033698,0.9991581074254925,0.9994946942900454,17817,45
iotid_fine_lgbm_xgb_validation_ensemble,1,MITM ARP Spoofing,0.4779436374589999,0.6727598228587581,0.5588603631809643,10613,45
iotid_fine_lgbm_xgb_validation_ensemble,2,Mirai-Ackflooding,0.29121119370354176,0.6040998972002177,0.3929821800873294,16537,45
iotid_fine_lgbm_xgb_validation_ensemble,3,Mirai-HTTP Flooding,0.2615789473684211,0.23742983399020662,0.2489200525887435,16746,45
iotid_fine_lgbm_xgb_validation_ensemble,4,Mirai-Hostbruteforceg,0.9261768543611362,0.5076470264620124,0.6558280028429282,36354,45
iotid_fine_lgbm_xgb_validation_ensemble,5,Mirai-UDP Flooding,0.9998968034880421,0.7038281335125123,0.8261374657614546,55066,45
iotid_fine_lgbm_xgb_validation_ensemble,6,Normal,0.9964166879959048,0.9714689735484944,0.9837846944362549,12022,45
iotid_fine_lgbm_xgb_validation_ensemble,7,Scan Hostport,0.2922322775263952,0.46560528687293484,0.35908722344492067,6658,45
iotid_fine_lgbm_xgb_validation_ensemble,8,Scan Port OS,0.478340825500613,0.7351463383996986,0.5795702119231531,15922,45
iotid_fine_lgbm_full,0,DoS-Synflooding,0.9998877035373386,0.9994948644552955,0.9996912454037669,17817,46
iotid_fine_lgbm_full,1,MITM ARP Spoofing,0.6801332778009163,0.4616036935833412,0.5499550965424338,10613,46
iotid_fine_lgbm_full,2,Mirai-Ackflooding,0.22946111405033634,0.1835883171070932,0.20397742542327332,16537,46
iotid_fine_lgbm_full,3,Mirai-HTTP Flooding,0.2598972003499563,0.2838289740833632,0.2713364160529771,16746,46
iotid_fine_lgbm_full,4,Mirai-Hostbruteforceg,0.6555401238200608,0.7660229960939648,0.7064882349210376,36354,46
iotid_fine_lgbm_full,5,Mirai-UDP Flooding,0.7884053081421503,0.7638651799658591,0.7759412643656958,55066,46
iotid_fine_lgbm_full,6,Normal,0.9984595635430038,0.9704708035268674,0.9842662504745434,12022,46
iotid_fine_lgbm_full,7,Scan Hostport,0.7824013870827915,0.27110243316311206,0.4026770775237033,6658,46
iotid_fine_lgbm_full,8,Scan Port OS,0.5049583684161287,0.6779927144831052,0.5788203753351207,15922,46
iotid_fine_lgbm_weighted,0,DoS-Synflooding,0.9997192903660453,0.9994387382836617,0.9995789946391984,17817,46
iotid_fine_lgbm_weighted,1,MITM ARP Spoofing,0.4851396184683439,0.6613587110147932,0.5597065507754874,10613,46
iotid_fine_lgbm_weighted,2,Mirai-Ackflooding,0.2621953509331931,0.4222047529781702,0.3234953435574295,16537,46
iotid_fine_lgbm_weighted,3,Mirai-HTTP Flooding,0.2650776295648371,0.3619371790278275,0.30602610386003887,16746,46
iotid_fine_lgbm_weighted,4,Mirai-Hostbruteforceg,0.9191809278860421,0.5111954667987016,0.6570034646114685,36354,46
iotid_fine_lgbm_weighted,5,Mirai-UDP Flooding,0.9999483604441002,0.7033014927541495,0.8257921446543562,55066,46
iotid_fine_lgbm_weighted,6,Normal,0.9959883919426425,0.9706371651971386,0.9831493807397422,12022,46
iotid_fine_lgbm_weighted,7,Scan Hostport,0.29426140477914553,0.48828477020126165,0.3672201513611205,6658,46
iotid_fine_lgbm_weighted,8,Scan Port OS,0.47898882428141365,0.7294937821881673,0.5782778621393543,15922,46
iotid_fine_lgbm_mi_top10_flat,0,DoS-Synflooding,0.9997192746055809,0.9993826121120278,0.9995509150106657,17817,46
iotid_fine_lgbm_mi_top10_flat,1,MITM ARP Spoofing,0.6783324037925265,0.45840007537925187,0.547090244588136,10613,46
iotid_fine_lgbm_mi_top10_flat,2,Mirai-Ackflooding,0.2557263884530907,0.19713370018745843,0.2226395765750384,16537,46
iotid_fine_lgbm_mi_top10_flat,3,Mirai-HTTP Flooding,0.28147838797243685,0.3219873402603607,0.30037323825970697,16746,46
iotid_fine_lgbm_mi_top10_flat,4,Mirai-Hostbruteforceg,0.6521585529569702,0.7616768443637564,0.7026759544745156,36354,46
iotid_fine_lgbm_mi_top10_flat,5,Mirai-UDP Flooding,0.7997692627756553,0.7679330258235572,0.7835278858625162,55066,46
iotid_fine_lgbm_mi_top10_flat,6,Normal,0.999229056021929,0.9703044418565963,0.9845543551654288,12022,46
iotid_fine_lgbm_mi_top10_flat,7,Scan Hostport,0.7917953242170269,0.26960048062481223,0.40224089635854343,6658,46
iotid_fine_lgbm_mi_top10_flat,8,Scan Port OS,0.5039862797812181,0.6828915965330988,0.5799551952208235,15922,46
iotid_fine_lgbm_mi_top10_weighted,0,DoS-Synflooding,0.9997753944634735,0.999326485940394,0.9995508897995846,17817,46
iotid_fine_lgbm_mi_top10_weighted,1,MITM ARP Spoofing,0.481847959601474,0.6653161217374918,0.5589108323109194,10613,46
iotid_fine_lgbm_mi_top10_weighted,2,Mirai-Ackflooding,0.28120880235270257,0.5030537582391001,0.3607545533391153,16537,46
iotid_fine_lgbm_mi_top10_weighted,3,Mirai-HTTP Flooding,0.28020050125313284,0.3338110593574585,0.3046653586221931,16746,46
iotid_fine_lgbm_mi_top10_weighted,4,Mirai-Hostbruteforceg,0.9230002988345453,0.5097650877482532,0.6567904734902184,36354,46
iotid_fine_lgbm_mi_top10_weighted,5,Mirai-UDP Flooding,1.0,0.7033014927541495,0.825809753289123,55066,46
iotid_fine_lgbm_mi_top10_weighted,6,Normal,0.9971797282283565,0.970553984362003,0.9836867175315095,12022,46
iotid_fine_lgbm_mi_top10_weighted,7,Scan Hostport,0.2952817224003665,0.48407930309402225,0.3668127240653275,6658,46
iotid_fine_lgbm_mi_top10_weighted,8,Scan Port OS,0.47851297446231034,0.730812711970858,0.5783443922562688,15922,46
iotid_fine_xgb_weighted,0,DoS-Synflooding,0.9992704826038159,0.9994387382836617,0.9993546033616747,17817,46
iotid_fine_xgb_weighted,1,MITM ARP Spoofing,0.46060330256143545,0.6675774992933196,0.5451048278515099,10613,46
iotid_fine_xgb_weighted,2,Mirai-Ackflooding,0.28028821782895214,0.46810183225494345,0.3506284678971804,16537,46
iotid_fine_xgb_weighted,3,Mirai-HTTP Flooding,0.2778262667095411,0.36116087423862414,0.31405945735427754,16746,46
iotid_fine_xgb_weighted,4,Mirai-Hostbruteforceg,0.9288617886178862,0.4902624195411784,0.6417845954412876,36354,46
iotid_fine_xgb_weighted,5,Mirai-UDP Flooding,1.0,0.7033014927541495,0.825809753289123,55066,46
iotid_fine_xgb_weighted,6,Normal,0.9970897885816999,0.9689735484944269,0.982830626450116,12022,46
iotid_fine_xgb_weighted,7,Scan Hostport,0.28927100125380617,0.4851306698708321,0.3624326750448833,6658,46
iotid_fine_xgb_weighted,8,Scan Port OS,0.47586235183134407,0.7286773018465017,0.5757387787509615,15922,46
iotid_fine_lgbm_xgb_validation_ensemble,0,DoS-Synflooding,0.9997753944634735,0.999326485940394,0.9995508897995846,17817,46
iotid_fine_lgbm_xgb_validation_ensemble,1,MITM ARP Spoofing,0.481847959601474,0.6653161217374918,0.5589108323109194,10613,46
iotid_fine_lgbm_xgb_validation_ensemble,2,Mirai-Ackflooding,0.28120880235270257,0.5030537582391001,0.3607545533391153,16537,46
iotid_fine_lgbm_xgb_validation_ensemble,3,Mirai-HTTP Flooding,0.28020050125313284,0.3338110593574585,0.3046653586221931,16746,46
iotid_fine_lgbm_xgb_validation_ensemble,4,Mirai-Hostbruteforceg,0.9230002988345453,0.5097650877482532,0.6567904734902184,36354,46
iotid_fine_lgbm_xgb_validation_ensemble,5,Mirai-UDP Flooding,1.0,0.7033014927541495,0.825809753289123,55066,46
iotid_fine_lgbm_xgb_validation_ensemble,6,Normal,0.9971797282283565,0.970553984362003,0.9836867175315095,12022,46
iotid_fine_lgbm_xgb_validation_ensemble,7,Scan Hostport,0.2952817224003665,0.48407930309402225,0.3668127240653275,6658,46
iotid_fine_lgbm_xgb_validation_ensemble,8,Scan Port OS,0.47851297446231034,0.730812711970858,0.5783443922562688,15922,46
iotid_fine_lgbm_full,0,DoS-Synflooding,0.9997753566213636,0.9991581074254925,0.9994666367234651,17817,47
iotid_fine_lgbm_full,1,MITM ARP Spoofing,0.6874202240816906,0.45670404221238103,0.5487998188405797,10613,47
iotid_fine_lgbm_full,2,Mirai-Ackflooding,0.23122831367106175,0.20148757332043296,0.21533589685591495,16537,47
iotid_fine_lgbm_full,3,Mirai-HTTP Flooding,0.2517131110095934,0.19742027946972412,0.221285140562249,16746,47
iotid_fine_lgbm_full,4,Mirai-Hostbruteforceg,0.6561711361117007,0.765280299279309,0.7065381636255127,36354,47
iotid_fine_lgbm_full,5,Mirai-UDP Flooding,0.758285584910918,0.7906875385900556,0.7741476641329955,55066,47
iotid_fine_lgbm_full,6,Normal,0.999056522857878,0.9688903676592913,0.983742240614839,12022,47
iotid_fine_lgbm_full,7,Scan Hostport,0.7794310722100657,0.26749774707119256,0.39830034663983005,6658,47
iotid_fine_lgbm_full,8,Scan Port OS,0.49870202113851286,0.6756688858183645,0.5738518162906064,15922,47
iotid_fine_lgbm_weighted,0,DoS-Synflooding,0.9996630916952103,0.9992142335971264,0.9994386122494807,17817,47
iotid_fine_lgbm_weighted,1,MITM ARP Spoofing,0.48774811772758386,0.6714406859511919,0.5650398445862903,10613,47
iotid_fine_lgbm_weighted,2,Mirai-Ackflooding,0.27609207039275824,0.5606821067908326,0.36999201915403035,16537,47
iotid_fine_lgbm_weighted,3,Mirai-HTTP Flooding,0.25095366143455694,0.2396393168517855,0.24516602009958152,16746,47
iotid_fine_lgbm_weighted,4,Mirai-Hostbruteforceg,0.9203141413636137,0.5060791109644056,0.6530481852870708,36354,47
iotid_fine_lgbm_weighted,5,Mirai-UDP Flooding,0.9998969974764381,0.7051538154214942,0.8270500532481363,55066,47
iotid_fine_lgbm_weighted,6,Normal,0.9967510259917921,0.9697221760106471,0.9830508474576272,12022,47
iotid_fine_lgbm_weighted,7,Scan Hostport,0.2855369335816263,0.48362871733253227,0.35907443546138834,6658,47
iotid_fine_lgbm_weighted,8,Scan Port OS,0.47803207484129634,0.7188795377465143,0.5742236492249034,15922,47
iotid_fine_lgbm_mi_top10_flat,0,DoS-Synflooding,0.9998315174660227,0.9992142335971264,0.9995227802262583,17817,47
iotid_fine_lgbm_mi_top10_flat,1,MITM ARP Spoofing,0.6836706014614953,0.45840007537925187,0.5488183202662305,10613,47
iotid_fine_lgbm_mi_top10_flat,2,Mirai-Ackflooding,0.2512709798732502,0.2181774203301687,0.23355774210253755,16537,47
iotid_fine_lgbm_mi_top10_flat,3,Mirai-HTTP Flooding,0.26635367762128326,0.20327242326525738,0.23057644110275688,16746,47
iotid_fine_lgbm_mi_top10_flat,4,Mirai-Hostbruteforceg,0.6545135180042251,0.7584859987896793,0.7026744645337207,36354,47
iotid_fine_lgbm_mi_top10_flat,5,Mirai-UDP Flooding,0.761381965763047,0.7972069879780627,0.7788827479751249,55066,47
iotid_fine_lgbm_mi_top10_flat,6,Normal,0.9980298098338187,0.969139910164698,0.9833727211343687,12022,47
iotid_fine_lgbm_mi_top10_flat,7,Scan Hostport,0.7766608391608392,0.26689696605587265,0.39727252403308744,6658,47
iotid_fine_lgbm_mi_top10_flat,8,Scan Port OS,0.4948463011949284,0.681447054390152,0.5733460156415134,15922,47
iotid_fine_lgbm_mi_top10_weighted,0,DoS-Synflooding,0.999775369236817,0.9992142335971264,0.9994947226588816,17817,47
iotid_fine_lgbm_mi_top10_weighted,1,MITM ARP Spoofing,0.47920032310177707,0.6707811174974089,0.5590325493737485,10613,47
iotid_fine_lgbm_mi_top10_weighted,2,Mirai-Ackflooding,0.28650856688982185,0.6107516478200399,0.39004421788410665,16537,47
iotid_fine_lgbm_mi_top10_weighted,3,Mirai-HTTP Flooding,0.2625604372503679,0.22375492654962378,0.2416094399845246,16746,47
iotid_fine_lgbm_mi_top10_weighted,4,Mirai-Hostbruteforceg,0.9242508746133955,0.5014303790504484,0.6501417693528541,36354,47
iotid_fine_lgbm_mi_top10_weighted,5,Mirai-UDP Flooding,0.9998969974764381,0.7051538154214942,0.8270500532481363,55066,47
iotid_fine_lgbm_mi_top10_weighted,6,Normal,0.996156145895618,0.9700548993511895,0.982932276960681,12022,47
iotid_fine_lgbm_mi_top10_weighted,7,Scan Hostport,0.2875490545843739,0.4842294983478522,0.3608282036933408,6658,47
iotid_fine_lgbm_mi_top10_weighted,8,Scan Port OS,0.47763054043949654,0.7221454591131767,0.5749718714839355,15922,47
iotid_fine_xgb_weighted,0,DoS-Synflooding,0.9997192115460213,0.9991581074254925,0.9994385807320907,17817,47
iotid_fine_xgb_weighted,1,MITM ARP Spoofing,0.4616969228788464,0.6757749929331951,0.548590660496424,10613,47
iotid_fine_xgb_weighted,2,Mirai-Ackflooding,0.2831079769683639,0.5292374674971276,0.36888579798107524,16537,47
iotid_fine_xgb_weighted,3,Mirai-HTTP Flooding,0.27849825632083697,0.30520721366296427,0.2912416661918058,16746,47
iotid_fine_xgb_weighted,4,Mirai-Hostbruteforceg,0.9263912884142191,0.4867414864939209,0.6381750969254351,36354,47
iotid_fine_xgb_weighted,5,Mirai-UDP Flooding,0.9998712501609373,0.7051538154214942,0.8270412455671399,55066,47
iotid_fine_xgb_weighted,6,Normal,0.9948748611941574,0.9688071868241557,0.9816680011799908,12022,47
iotid_fine_xgb_weighted,7,Scan Hostport,0.28658921012339006,0.4779212976869931,0.358313158042903,6658,47
iotid_fine_xgb_weighted,8,Scan Port OS,0.4736691001558527,0.7253485742997111,0.5730944819372767,15922,47
iotid_fine_lgbm_xgb_validation_ensemble,0,DoS-Synflooding,0.999775369236817,0.9992142335971264,0.9994947226588816,17817,47
iotid_fine_lgbm_xgb_validation_ensemble,1,MITM ARP Spoofing,0.4787890992079474,0.672100254404975,0.5592097526557172,10613,47
iotid_fine_lgbm_xgb_validation_ensemble,2,Mirai-Ackflooding,0.2864917940805162,0.6175243393602226,0.391399333103369,16537,47
iotid_fine_lgbm_xgb_validation_ensemble,3,Mirai-HTTP Flooding,0.2607817683542478,0.21593216290457423,0.23624722331111983,16746,47
iotid_fine_lgbm_xgb_validation_ensemble,4,Mirai-Hostbruteforceg,0.9248299665008629,0.5012103207349947,0.6500999000999002,36354,47
iotid_fine_lgbm_xgb_validation_ensemble,5,Mirai-UDP Flooding,0.9998969974764381,0.7051538154214942,0.8270500532481363,55066,47
iotid_fine_lgbm_xgb_validation_ensemble,6,Normal,0.9962415648757154,0.9701380801863251,0.983016562012727,12022,47
iotid_fine_lgbm_xgb_validation_ensemble,7,Scan Hostport,0.28782880071333034,0.48483027936317213,0.3612152408661109,6658,47
iotid_fine_lgbm_xgb_validation_ensemble,8,Scan Port OS,0.4776609450978762,0.7218314282125361,0.5748943300902883,15922,47
iotid_fine_lgbm_full,0,DoS-Synflooding,0.99988765938325,0.9991019812538586,0.9994946659180236,17817,48
iotid_fine_lgbm_full,1,MITM ARP Spoofing,0.6736856405379704,0.4672571374729106,0.5517970401691332,10613,48
iotid_fine_lgbm_full,2,Mirai-Ackflooding,0.22422970237648998,0.1808671463989841,0.20022760744410228,16537,48
iotid_fine_lgbm_full,3,Mirai-HTTP Flooding,0.24406135468983303,0.2147378478442613,0.22846251588310038,16746,48
iotid_fine_lgbm_full,4,Mirai-Hostbruteforceg,0.6607950375263395,0.7677284480387303,0.7102594444656513,36354,48
iotid_fine_lgbm_full,5,Mirai-UDP Flooding,0.7602174103620584,0.7874005738568264,0.7735702625311104,55066,48
iotid_fine_lgbm_full,6,Normal,0.9987134402607428,0.9685576443187489,0.9834044170431991,12022,48
iotid_fine_lgbm_full,7,Scan Hostport,0.7793103448275862,0.271553018924602,0.40276230786366674,6658,48
iotid_fine_lgbm_full,8,Scan Port OS,0.5044476867322446,0.6731566386132395,0.576717156770427,15922,48
iotid_fine_lgbm_weighted,0,DoS-Synflooding,0.99988765938325,0.9991019812538586,0.9994946659180236,17817,48
iotid_fine_lgbm_weighted,1,MITM ARP Spoofing,0.48410087719298245,0.6655987939319702,0.5605237056139655,10613,48
iotid_fine_lgbm_weighted,2,Mirai-Ackflooding,0.27678006829391677,0.529358408417488,0.3635004671441918,16537,48
iotid_fine_lgbm_weighted,3,Mirai-HTTP Flooding,0.2589579269991641,0.2774991042637048,0.2679081029661872,16746,48
iotid_fine_lgbm_weighted,4,Mirai-Hostbruteforceg,0.9244970651683139,0.5069043296473565,0.6547870733917246,36354,48
iotid_fine_lgbm_weighted,5,Mirai-UDP Flooding,0.9998712468455477,0.7051356553953437,0.8270287539936102,55066,48
iotid_fine_lgbm_weighted,6,Normal,0.9961538461538462,0.9694726335052404,0.9826321558047382,12022,48
iotid_fine_lgbm_weighted,7,Scan Hostport,0.28336631959383873,0.4945929708621208,0.36030417418896,6658,48
iotid_fine_lgbm_weighted,8,Scan Port OS,0.4804679251657587,0.7145459113176736,0.5745814499633848,15922,48
iotid_fine_lgbm_mi_top10_flat,0,DoS-Synflooding,0.9997191957767044,0.9991019812538586,0.999410493220672,17817,48
iotid_fine_lgbm_mi_top10_flat,1,MITM ARP Spoofing,0.6690265486725664,0.46301705455573355,0.5472769796191113,10613,48
iotid_fine_lgbm_mi_top10_flat,2,Mirai-Ackflooding,0.24464765222439944,0.20384592126746084,0.22239081673043937,16537,48
iotid_fine_lgbm_mi_top10_flat,3,Mirai-HTTP Flooding,0.26114600294642165,0.20112265615669414,0.22723745909658266,16746,48
iotid_fine_lgbm_mi_top10_flat,4,Mirai-Hostbruteforceg,0.6588125982751227,0.7606590746547836,0.70608211622919,36354,48
iotid_fine_lgbm_mi_top10_flat,5,Mirai-UDP Flooding,0.7563273220199386,0.8004576326589911,0.7777669945740879,55066,48
iotid_fine_lgbm_mi_top10_flat,6,Normal,0.9983710562414266,0.9686408251538845,0.9832812631934476,12022,48
iotid_fine_lgbm_mi_top10_flat,7,Scan Hostport,0.7736414206247325,0.271553018924602,0.4020011117287382,6658,48
iotid_fine_lgbm_mi_top10_flat,8,Scan Port OS,0.5002309042209292,0.6803165431478457,0.5765382158824782,15922,48
iotid_fine_lgbm_mi_top10_weighted,0,DoS-Synflooding,0.9997191800056164,0.9990458550822249,0.9993824041322779,17817,48
iotid_fine_lgbm_mi_top10_weighted,1,MITM ARP Spoofing,0.47655098485863595,0.6702157731084519,0.5570304240573241,10613,48
iotid_fine_lgbm_mi_top10_weighted,2,Mirai-Ackflooding,0.28925996897527145,0.5750740763137208,0.3849111587809123,16537,48
iotid_fine_lgbm_mi_top10_weighted,3,Mirai-HTTP Flooding,0.2739446346003723,0.27242326525737487,0.273181831791371,16746,48
iotid_fine_lgbm_mi_top10_weighted,4,Mirai-Hostbruteforceg,0.9265934288462512,0.5034659184683942,0.6524319603614522,36354,48
iotid_fine_lgbm_mi_top10_weighted,5,Mirai-UDP Flooding,0.9999742467164563,0.7051356553953437,0.8270639856862912,55066,48
iotid_fine_lgbm_mi_top10_weighted,6,Normal,0.9956417706374978,0.969139910164698,0.9822121058843365,12022,48
iotid_fine_lgbm_mi_top10_weighted,7,Scan Hostport,0.2806790761806274,0.4891859417242415,0.3566969663782718,6658,48
iotid_fine_lgbm_mi_top10_weighted,8,Scan Port OS,0.4825100699597202,0.7147343298580581,0.5761004378970815,15922,48
iotid_fine_xgb_weighted,0,DoS-Synflooding,0.999943829691625,0.9991581074254925,0.9995508141493543,17817,48
iotid_fine_xgb_weighted,1,MITM ARP Spoofing,0.4566762728146013,0.6719118062753228,0.5437700167759646,10613,48
iotid_fine_xgb_weighted,2,Mirai-Ackflooding,0.2900232018561485,0.5593517566668682,0.38198674402758565,16537,48
iotid_fine_xgb_weighted,3,Mirai-HTTP Flooding,0.26951822467517533,0.27994745013734623,0.2746338605741066,16746,48
iotid_fine_xgb_weighted,4,Mirai-Hostbruteforceg,0.9265396590849121,0.4829454805523464,0.6349384301032494,36354,48
iotid_fine_xgb_weighted,5,Mirai-UDP Flooding,1.0,0.7051356553953437,0.8270727940784919,55066,48
iotid_fine_xgb_weighted,6,Normal,0.9939393939393939,0.9685576443187489,0.9810843830307115,12022,48
iotid_fine_xgb_weighted,7,Scan Hostport,0.2791334874561178,0.48963652748573144,0.3555652505862464,6658,48
iotid_fine_xgb_weighted,8,Scan Port OS,0.47516452194324516,0.7119708579324205,0.5699489680484677,15922,48
iotid_fine_lgbm_xgb_validation_ensemble,0,DoS-Synflooding,0.9997191800056164,0.9990458550822249,0.9993824041322779,17817,48
iotid_fine_lgbm_xgb_validation_ensemble,1,MITM ARP Spoofing,0.47655098485863595,0.6702157731084519,0.5570304240573241,10613,48
iotid_fine_lgbm_xgb_validation_ensemble,2,Mirai-Ackflooding,0.28925996897527145,0.5750740763137208,0.3849111587809123,16537,48
iotid_fine_lgbm_xgb_validation_ensemble,3,Mirai-HTTP Flooding,0.2739446346003723,0.27242326525737487,0.273181831791371,16746,48
iotid_fine_lgbm_xgb_validation_ensemble,4,Mirai-Hostbruteforceg,0.9265934288462512,0.5034659184683942,0.6524319603614522,36354,48
iotid_fine_lgbm_xgb_validation_ensemble,5,Mirai-UDP Flooding,0.9999742467164563,0.7051356553953437,0.8270639856862912,55066,48
iotid_fine_lgbm_xgb_validation_ensemble,6,Normal,0.9956417706374978,0.969139910164698,0.9822121058843365,12022,48
iotid_fine_lgbm_xgb_validation_ensemble,7,Scan Hostport,0.2806790761806274,0.4891859417242415,0.3566969663782718,6658,48
iotid_fine_lgbm_xgb_validation_ensemble,8,Scan Port OS,0.4825100699597202,0.7147343298580581,0.5761004378970815,15922,48
iotid_fine_lgbm_full,0,DoS-Synflooding,0.9998876720022466,0.9992142335971264,0.9995508393689293,17817,49
iotid_fine_lgbm_full,1,MITM ARP Spoofing,0.6716156026454312,0.46885894657495525,0.5522139607146821,10613,49
iotid_fine_lgbm_full,2,Mirai-Ackflooding,0.25702231597646275,0.27997823063433513,0.26800960898382103,16537,49
iotid_fine_lgbm_full,3,Mirai-HTTP Flooding,0.23429223372178307,0.1716827899199809,0.1981596994865079,16746,49
iotid_fine_lgbm_full,4,Mirai-Hostbruteforceg,0.650299815498155,0.775623040105628,0.7074541485811777,36354,49
iotid_fine_lgbm_full,5,Mirai-UDP Flooding,0.7767447807265886,0.7722732720735118,0.7745025725083095,55066,49
iotid_fine_lgbm_full,6,Normal,0.9983720332447948,0.9692230909998336,0.9835816485881906,12022,49
iotid_fine_lgbm_full,7,Scan Hostport,0.7753496503496503,0.2664463802943827,0.3966018332215515,6658,49
iotid_fine_lgbm_full,8,Scan Port OS,0.5100654502181674,0.6460871749780178,0.570074812967581,15922,49
iotid_fine_lgbm_weighted,0,DoS-Synflooding,0.999943823380709,0.9990458550822249,0.9994946375428154,17817,49
iotid_fine_lgbm_weighted,1,MITM ARP Spoofing,0.4823188014576866,0.6734193913125412,0.5620699146710707,10613,49
iotid_fine_lgbm_weighted,2,Mirai-Ackflooding,0.2806476035175587,0.5828142952167866,0.37885964739873035,16537,49
iotid_fine_lgbm_weighted,3,Mirai-HTTP Flooding,0.24037071118706455,0.2183805087782157,0.22884856070087609,16746,49
iotid_fine_lgbm_weighted,4,Mirai-Hostbruteforceg,0.9226458520964675,0.507234417120537,0.6545970891018814,36354,49
iotid_fine_lgbm_weighted,5,Mirai-UDP Flooding,0.9998454882571075,0.7050811753168924,0.8269824703401564,55066,49
iotid_fine_lgbm_weighted,6,Normal,0.9950528829750939,0.9703876226917318,0.9825654847132148,12022,49
iotid_fine_lgbm_weighted,7,Scan Hostport,0.2917315264169948,0.478522078702313,0.3624779566528244,6658,49
iotid_fine_lgbm_weighted,8,Scan Port OS,0.4779433124455326,0.7233387765356111,0.5755766011144706,15922,49
iotid_fine_lgbm_mi_top10_flat,0,DoS-Synflooding,0.9998315174660227,0.9992142335971264,0.9995227802262583,17817,49
iotid_fine_lgbm_mi_top10_flat,1,MITM ARP Spoofing,0.6791660836714706,0.45736361066616416,0.5466216216216216,10613,49
iotid_fine_lgbm_mi_top10_flat,2,Mirai-Ackflooding,0.26534183227096614,0.2567575739251376,0.2609791327330281,16537,49
iotid_fine_lgbm_mi_top10_flat,3,Mirai-HTTP Flooding,0.2552272201219042,0.1975397109757554,0.22270845255327026,16746,49
iotid_fine_lgbm_mi_top10_flat,4,Mirai-Hostbruteforceg,0.6516819715142429,0.7652252847004456,0.7039042534348827,36354,49
iotid_fine_lgbm_mi_top10_flat,5,Mirai-UDP Flooding,0.7707630522088353,0.7841862492281989,0.7774167124249489,55066,49
iotid_fine_lgbm_mi_top10_flat,6,Normal,0.9982011307178345,0.9693062718349692,0.9835415259959487,12022,49
iotid_fine_lgbm_mi_top10_flat,7,Scan Hostport,0.7823971693940734,0.2656954040252328,0.39668124229173674,6658,49
iotid_fine_lgbm_mi_top10_flat,8,Scan Port OS,0.5030938548013792,0.6689486245446552,0.5742862534710053,15922,49
iotid_fine_lgbm_mi_top10_weighted,0,DoS-Synflooding,0.9998315174660227,0.9992142335971264,0.9995227802262583,17817,49
iotid_fine_lgbm_mi_top10_weighted,1,MITM ARP Spoofing,0.4750446221987175,0.6770941298407613,0.5583527583527583,10613,49
iotid_fine_lgbm_mi_top10_weighted,2,Mirai-Ackflooding,0.28809046664758087,0.6085142407933725,0.3910466901121107,16537,49
iotid_fine_lgbm_mi_top10_weighted,3,Mirai-HTTP Flooding,0.2527555800496004,0.21909709781440345,0.2347258652677372,16746,49
iotid_fine_lgbm_mi_top10_weighted,4,Mirai-Hostbruteforceg,0.9257946952824458,0.5031083237057821,0.6519337016574586,36354,49
iotid_fine_lgbm_mi_top10_weighted,5,Mirai-UDP Flooding,0.9998969868658254,0.7050811753168924,0.8270000852006475,55066,49
iotid_fine_lgbm_mi_top10_weighted,6,Normal,0.9950516167562494,0.9701380801863251,0.9824369287790086,12022,49
iotid_fine_lgbm_mi_top10_weighted,7,Scan Hostport,0.2907860585836114,0.47116251126464403,0.35962398257480227,6658,49
iotid_fine_lgbm_mi_top10_weighted,8,Scan Port OS,0.4761139277028977,0.7254741866599673,0.5749197421795287,15922,49
iotid_fine_xgb_weighted,0,DoS-Synflooding,0.9997191800056164,0.9990458550822249,0.9993824041322779,17817,49
iotid_fine_xgb_weighted,1,MITM ARP Spoofing,0.4542590725806452,0.6793555073965891,0.5444591278081933,10613,49
iotid_fine_xgb_weighted,2,Mirai-Ackflooding,0.2889803096441918,0.5564491745782185,0.38040512608515914,16537,49
iotid_fine_xgb_weighted,3,Mirai-HTTP Flooding,0.26478711162255464,0.2748118953780007,0.2697063822305574,16746,49
iotid_fine_xgb_weighted,4,Mirai-Hostbruteforceg,0.9325468204422812,0.48487099081256535,0.6380121615752136,36354,49
iotid_fine_xgb_weighted,5,Mirai-UDP Flooding,0.9998712368983544,0.7050811753168924,0.8269912776766031,55066,49
iotid_fine_xgb_weighted,6,Normal,0.9952963311382879,0.9680585593079355,0.9814885093822475,12022,49
iotid_fine_xgb_weighted,7,Scan Hostport,0.28491271820448877,0.48047461700210276,0.357709940735771,6658,49
iotid_fine_xgb_weighted,8,Scan Port OS,0.47657251561143044,0.7237784197965079,0.5747200957534349,15922,49
iotid_fine_lgbm_xgb_validation_ensemble,0,DoS-Synflooding,0.9998315174660227,0.9992142335971264,0.9995227802262583,17817,49
iotid_fine_lgbm_xgb_validation_ensemble,1,MITM ARP Spoofing,0.4750446221987175,0.6770941298407613,0.5583527583527583,10613,49
iotid_fine_lgbm_xgb_validation_ensemble,2,Mirai-Ackflooding,0.28809046664758087,0.6085142407933725,0.3910466901121107,16537,49
iotid_fine_lgbm_xgb_validation_ensemble,3,Mirai-HTTP Flooding,0.2527555800496004,0.21909709781440345,0.2347258652677372,16746,49
iotid_fine_lgbm_xgb_validation_ensemble,4,Mirai-Hostbruteforceg,0.9257946952824458,0.5031083237057821,0.6519337016574586,36354,49
iotid_fine_lgbm_xgb_validation_ensemble,5,Mirai-UDP Flooding,0.9998969868658254,0.7050811753168924,0.8270000852006475,55066,49
iotid_fine_lgbm_xgb_validation_ensemble,6,Normal,0.9950516167562494,0.9701380801863251,0.9824369287790086,12022,49
iotid_fine_lgbm_xgb_validation_ensemble,7,Scan Hostport,0.2907860585836114,0.47116251126464403,0.35962398257480227,6658,49
iotid_fine_lgbm_xgb_validation_ensemble,8,Scan Port OS,0.4761139277028977,0.7254741866599673,0.5749197421795287,15922,49
iotid_fine_lgbm_full,0,DoS-Synflooding,0.9999438391553409,0.999326485940394,0.9996350672318446,17817,50
iotid_fine_lgbm_full,1,MITM ARP Spoofing,0.6802245960010956,0.46801092999151983,0.5545073960368406,10613,50
iotid_fine_lgbm_full,2,Mirai-Ackflooding,0.2210016434564484,0.15450202576041602,0.1818634778276034,16537,50
iotid_fine_lgbm_full,3,Mirai-HTTP Flooding,0.2674235428323103,0.2939806520960229,0.28007395818517994,16746,50
iotid_fine_lgbm_full,4,Mirai-Hostbruteforceg,0.6628764303155072,0.7617043516531881,0.7088623796846201,36354,50
iotid_fine_lgbm_full,5,Mirai-UDP Flooding,0.7738660672201878,0.7752151963098827,0.7745400442718728,55066,50
iotid_fine_lgbm_full,6,Normal,0.9985447697312104,0.9703044418565963,0.9842220722240972,12022,50
iotid_fine_lgbm_full,7,Scan Hostport,0.7893095768374164,0.2661459897867227,0.3980680669437268,6658,50
iotid_fine_lgbm_full,8,Scan Port OS,0.49724694870147745,0.6806305740484864,0.5746632728815357,15922,50
iotid_fine_lgbm_weighted,0,DoS-Synflooding,0.9997753944634735,0.999326485940394,0.9995508897995846,17817,50
iotid_fine_lgbm_weighted,1,MITM ARP Spoofing,0.4829553171261714,0.6701215490436258,0.5613481194995856,10613,50
iotid_fine_lgbm_weighted,2,Mirai-Ackflooding,0.2723404255319149,0.5108544476023462,0.35527892844376224,16537,50
iotid_fine_lgbm_weighted,3,Mirai-HTTP Flooding,0.2542854081851296,0.28347067956526933,0.2680860676568589,16746,50
iotid_fine_lgbm_weighted,4,Mirai-Hostbruteforceg,0.9242684157416751,0.5039060350993013,0.6522234485705131,36354,50
iotid_fine_lgbm_weighted,5,Mirai-UDP Flooding,0.9998969098734569,0.7045545345585298,0.8266376894968412,55066,50
iotid_fine_lgbm_weighted,6,Normal,0.9961587708066582,0.9707203460322742,0.9832750558200278,12022,50
iotid_fine_lgbm_weighted,7,Scan Hostport,0.2884910948377181,0.4792730549714629,0.3601783396354196,6658,50
iotid_fine_lgbm_weighted,8,Scan Port OS,0.47800124403897987,0.7239668383368923,0.5758173689337363,15922,50
iotid_fine_lgbm_mi_top10_flat,0,DoS-Synflooding,0.9997192273135669,0.9992142335971264,0.9994666666666666,17817,50
iotid_fine_lgbm_mi_top10_flat,1,MITM ARP Spoofing,0.6845039018952063,0.4628286064260812,0.5522513913092361,10613,50
iotid_fine_lgbm_mi_top10_flat,2,Mirai-Ackflooding,0.24573875802997858,0.17348975025699945,0.2033886289522189,16537,50
iotid_fine_lgbm_mi_top10_flat,3,Mirai-HTTP Flooding,0.2804403424886022,0.30120625821091607,0.2904526085454336,16746,50
iotid_fine_lgbm_mi_top10_flat,4,Mirai-Hostbruteforceg,0.6629161603888214,0.7503713484073279,0.7039378612716763,36354,50
iotid_fine_lgbm_mi_top10_flat,5,Mirai-UDP Flooding,0.7785970542104599,0.7842952093851016,0.7814357443343737,55066,50
iotid_fine_lgbm_mi_top10_flat,6,Normal,0.9976054049431283,0.9703044418565963,0.9837655492304449,12022,50
iotid_fine_lgbm_mi_top10_flat,7,Scan Hostport,0.788298347476552,0.2650946230099129,0.39676295380465326,6658,50
iotid_fine_lgbm_mi_top10_flat,8,Scan Port OS,0.49323395004214915,0.6982163044843612,0.578092093289306,15922,50
iotid_fine_lgbm_mi_top10_weighted,0,DoS-Synflooding,0.9994947510245327,0.9992703597687602,0.9993825428010104,17817,50
iotid_fine_lgbm_mi_top10_weighted,1,MITM ARP Spoofing,0.4795939086294416,0.6676717233581456,0.5582164802268789,10613,50
iotid_fine_lgbm_mi_top10_weighted,2,Mirai-Ackflooding,0.28028814669286184,0.5176271391425289,0.3636595365040253,16537,50
iotid_fine_lgbm_mi_top10_weighted,3,Mirai-HTTP Flooding,0.27254707631318137,0.31201480950674787,0.2909485758832865,16746,50
iotid_fine_lgbm_mi_top10_weighted,4,Mirai-Hostbruteforceg,0.9271145923401658,0.5014028717610167,0.6508256716950817,36354,50
iotid_fine_lgbm_mi_top10_weighted,5,Mirai-UDP Flooding,0.9997938409998711,0.7045545345585298,0.8266024650850635,55066,50
iotid_fine_lgbm_mi_top10_weighted,6,Normal,0.9954801296264711,0.970969888537681,0.9830722587165235,12022,50
iotid_fine_lgbm_mi_top10_weighted,7,Scan Hostport,0.2859949982136477,0.4809252027635927,0.3586871289346925,6658,50
iotid_fine_lgbm_mi_top10_weighted,8,Scan Port OS,0.4787924151696607,0.7231503579952268,0.5761320990743057,15922,50
iotid_fine_xgb_weighted,0,DoS-Synflooding,0.9997192588433464,0.999326485940394,0.9995228338058214,17817,50
iotid_fine_xgb_weighted,1,MITM ARP Spoofing,0.45388180029200786,0.6737020635070197,0.5423651672608663,10613,50
iotid_fine_xgb_weighted,2,Mirai-Ackflooding,0.2832501874857348,0.5253068875854146,0.36804643477524046,16537,50
iotid_fine_xgb_weighted,3,Mirai-HTTP Flooding,0.2713718760055776,0.3021617102591664,0.28594032549728754,16746,50
iotid_fine_xgb_weighted,4,Mirai-Hostbruteforceg,0.9260306983079261,0.4862463552841503,0.6376639070757354,36354,50
iotid_fine_xgb_weighted,5,Mirai-UDP Flooding,0.9999742254755399,0.7045545345585298,0.8266641097758459,55066,50
iotid_fine_xgb_weighted,6,Normal,0.996917016356941,0.9683081018133423,0.9824043208574201,12022,50
iotid_fine_xgb_weighted,7,Scan Hostport,0.28782120883098083,0.4777711024331631,0.35923207227555054,6658,50
iotid_fine_xgb_weighted,8,Scan Port OS,0.47584670599397716,0.7244692877779173,0.5744092821751363,15922,50
iotid_fine_lgbm_xgb_validation_ensemble,0,DoS-Synflooding,0.9994947510245327,0.9992703597687602,0.9993825428010104,17817,50
iotid_fine_lgbm_xgb_validation_ensemble,1,MITM ARP Spoofing,0.4795939086294416,0.6676717233581456,0.5582164802268789,10613,50
iotid_fine_lgbm_xgb_validation_ensemble,2,Mirai-Ackflooding,0.28028814669286184,0.5176271391425289,0.3636595365040253,16537,50
iotid_fine_lgbm_xgb_validation_ensemble,3,Mirai-HTTP Flooding,0.27254707631318137,0.31201480950674787,0.2909485758832865,16746,50
iotid_fine_lgbm_xgb_validation_ensemble,4,Mirai-Hostbruteforceg,0.9271145923401658,0.5014028717610167,0.6508256716950817,36354,50
iotid_fine_lgbm_xgb_validation_ensemble,5,Mirai-UDP Flooding,0.9997938409998711,0.7045545345585298,0.8266024650850635,55066,50
iotid_fine_lgbm_xgb_validation_ensemble,6,Normal,0.9954801296264711,0.970969888537681,0.9830722587165235,12022,50
iotid_fine_lgbm_xgb_validation_ensemble,7,Scan Hostport,0.2859949982136477,0.4809252027635927,0.3586871289346925,6658,50
iotid_fine_lgbm_xgb_validation_ensemble,8,Scan Port OS,0.4787924151696607,0.7231503579952268,0.5761320990743057,15922,50
iotid_fine_lgbm_full,0,DoS-Synflooding,0.9998314606741573,0.9988774765673234,0.9993542409523543,17817,51
iotid_fine_lgbm_full,1,MITM ARP Spoofing,0.68921185019564,0.46471308772260433,0.5551240925206821,10613,51
iotid_fine_lgbm_full,2,Mirai-Ackflooding,0.23835545147020556,0.22156376610026002,0.22965307593468928,16537,51
iotid_fine_lgbm_full,3,Mirai-HTTP Flooding,0.2641722011385199,0.2660336796847008,0.26509967271645346,16746,51
iotid_fine_lgbm_full,4,Mirai-Hostbruteforceg,0.6637403756206376,0.7611817131539859,0.7091293484528157,36354,51
iotid_fine_lgbm_full,5,Mirai-UDP Flooding,0.7922747431863841,0.7591254131405949,0.7753459212820417,55066,51
iotid_fine_lgbm_full,6,Normal,0.9981153088323481,0.969139910164698,0.9834142224097911,12022,51
iotid_fine_lgbm_full,7,Scan Hostport,0.7965348733896046,0.2693000901171523,0.4025143113705242,6658,51
iotid_fine_lgbm_full,8,Scan Port OS,0.49927817377966255,0.6950759954779551,0.5811279143037177,15922,51
iotid_fine_lgbm_weighted,0,DoS-Synflooding,0.9997191169035448,0.9988213503956895,0.9992700320062889,17817,51
iotid_fine_lgbm_weighted,1,MITM ARP Spoofing,0.4826489887032402,0.6722887025346274,0.5618995117341313,10613,51
iotid_fine_lgbm_weighted,2,Mirai-Ackflooding,0.2815090360563545,0.5811815927919212,0.37929673625636373,16537,51
iotid_fine_lgbm_weighted,3,Mirai-HTTP Flooding,0.24627390775922728,0.22990564911023528,0.23780845609808826,16746,51
iotid_fine_lgbm_weighted,4,Mirai-Hostbruteforceg,0.9265654359859834,0.5018704956813556,0.6510839503970024,36354,51
iotid_fine_lgbm_weighted,5,Mirai-UDP Flooding,0.9999741187432062,0.7016489303744597,0.8246606334841629,55066,51
iotid_fine_lgbm_weighted,6,Normal,0.9939522998296423,0.9706371651971386,0.982156384142749,12022,51
iotid_fine_lgbm_weighted,7,Scan Hostport,0.2872795296632817,0.4843796936016822,0.3606575710131962,6658,51
iotid_fine_lgbm_weighted,8,Scan Port OS,0.48181214184868365,0.7287401080266298,0.5800919908009199,15922,51
iotid_fine_lgbm_mi_top10_flat,0,DoS-Synflooding,0.9998876278233509,0.9988213503956895,0.9993542046890355,17817,51
iotid_fine_lgbm_mi_top10_flat,1,MITM ARP Spoofing,0.6949735070886438,0.457269386601338,0.5516026369629461,10613,51
iotid_fine_lgbm_mi_top10_flat,2,Mirai-Ackflooding,0.2638486659683283,0.25893451049162486,0.26136849172923154,16537,51
iotid_fine_lgbm_mi_top10_flat,3,Mirai-HTTP Flooding,0.2663401082029537,0.21754448823599665,0.2394819879042861,16746,51
iotid_fine_lgbm_mi_top10_flat,4,Mirai-Hostbruteforceg,0.6585464590179549,0.7607140892336469,0.705952927962424,36354,51
iotid_fine_lgbm_mi_top10_flat,5,Mirai-UDP Flooding,0.7794793540065762,0.779210402062979,0.7793448548309464,55066,51
iotid_fine_lgbm_mi_top10_flat,6,Normal,0.9982876712328768,0.9698885376809183,0.9838832166061936,12022,51
iotid_fine_lgbm_mi_top10_flat,7,Scan Hostport,0.788266431407146,0.2683989185941724,0.40044817927170867,6658,51
iotid_fine_lgbm_mi_top10_flat,8,Scan Port OS,0.49852667845323906,0.6906795628689864,0.5790790131908059,15922,51
iotid_fine_lgbm_mi_top10_weighted,0,DoS-Synflooding,0.9998314322638647,0.9987090980524218,0.9992699500196552,17817,51
iotid_fine_lgbm_mi_top10_weighted,1,MITM ARP Spoofing,0.4776758819198072,0.6723829265994535,0.5585472761427677,10613,51
iotid_fine_lgbm_mi_top10_weighted,2,Mirai-Ackflooding,0.2889096761768509,0.6350003023523009,0.3971333484607821,16537,51
iotid_fine_lgbm_mi_top10_weighted,3,Mirai-HTTP Flooding,0.2513269043881289,0.20076436163860026,0.22321813896358264,16746,51
iotid_fine_lgbm_mi_top10_weighted,4,Mirai-Hostbruteforceg,0.9295846514950505,0.5011277988666997,0.6512010294538175,36354,51
iotid_fine_lgbm_mi_top10_weighted,5,Mirai-UDP Flooding,0.9999741187432062,0.7016489303744597,0.8246606334841629,55066,51
iotid_fine_lgbm_mi_top10_weighted,6,Normal,0.9954797441364606,0.9708867077025454,0.9830294352970902,12022,51
iotid_fine_lgbm_mi_top10_weighted,7,Scan Hostport,0.28299903652448105,0.48528086512466206,0.3575103734439834,6658,51
iotid_fine_lgbm_mi_top10_weighted,8,Scan Port OS,0.4823199564798929,0.7239040321567642,0.5789196112408649,15922,51
iotid_fine_xgb_weighted,0,DoS-Synflooding,0.9998314417350264,0.9987652242240557,0.9992980485750386,17817,51
iotid_fine_xgb_weighted,1,MITM ARP Spoofing,0.4572011736190841,0.6753980966738905,0.5452816553193108,10613,51
iotid_fine_xgb_weighted,2,Mirai-Ackflooding,0.2908834009092026,0.5726552579065126,0.38579838266147926,16537,51
iotid_fine_xgb_weighted,3,Mirai-HTTP Flooding,0.26792564178223666,0.27110951869103067,0.26950817725802145,16746,51
iotid_fine_xgb_weighted,4,Mirai-Hostbruteforceg,0.9304416820946839,0.48385322110359247,0.6366383756492155,36354,51
iotid_fine_xgb_weighted,5,Mirai-UDP Flooding,0.9999741187432062,0.7016489303744597,0.8246606334841629,55066,51
iotid_fine_xgb_weighted,6,Normal,0.9970870459218643,0.9680585593079355,0.9823584029712163,12022,51
iotid_fine_xgb_weighted,7,Scan Hostport,0.28169386854874284,0.47957344547912284,0.354915800589118,6658,51
iotid_fine_xgb_weighted,8,Scan Port OS,0.47752808988764045,0.7260394422811205,0.5761275853476202,15922,51
iotid_fine_lgbm_xgb_validation_ensemble,0,DoS-Synflooding,0.9998314322638647,0.9987090980524218,0.9992699500196552,17817,51
iotid_fine_lgbm_xgb_validation_ensemble,1,MITM ARP Spoofing,0.4776758819198072,0.6723829265994535,0.5585472761427677,10613,51
iotid_fine_lgbm_xgb_validation_ensemble,2,Mirai-Ackflooding,0.2889096761768509,0.6350003023523009,0.3971333484607821,16537,51
iotid_fine_lgbm_xgb_validation_ensemble,3,Mirai-HTTP Flooding,0.2513269043881289,0.20076436163860026,0.22321813896358264,16746,51
iotid_fine_lgbm_xgb_validation_ensemble,4,Mirai-Hostbruteforceg,0.9295846514950505,0.5011277988666997,0.6512010294538175,36354,51
iotid_fine_lgbm_xgb_validation_ensemble,5,Mirai-UDP Flooding,0.9999741187432062,0.7016489303744597,0.8246606334841629,55066,51
iotid_fine_lgbm_xgb_validation_ensemble,6,Normal,0.9954797441364606,0.9708867077025454,0.9830294352970902,12022,51
iotid_fine_lgbm_xgb_validation_ensemble,7,Scan Hostport,0.28299903652448105,0.48528086512466206,0.3575103734439834,6658,51
iotid_fine_lgbm_xgb_validation_ensemble,8,Scan Port OS,0.4823199564798929,0.7239040321567642,0.5789196112408649,15922,51
